{"cameraMode":{"drawMode":0,"name":"Shaded","section":"Shading Mode"},"sceneLighting":true,"audioPlay":false,"sceneViewState":{"m_AlwaysRefresh":false,"showFog":true,"showSkybox":true,"showFlares":true,"showImageEffects":true,"showParticleSystems":true,"showVisualEffectGraphs":true,"m_FxEnabled":true},"in2DMode":false,"pivot":{"x":-28.34021759033203,"y":-24.105018615722658,"z":-17.86737060546875},"rotation":{"x":0.10521199554204941,"y":-0.16038119792938233,"z":0.017199533060193063,"w":0.9812944531440735},"size":81.82087707519531,"orthographic":false}