{"cameraMode":{"drawMode":0,"name":"Shaded","section":"Shading Mode"},"sceneLighting":true,"audioPlay":false,"sceneViewState":{"m_AlwaysRefresh":false,"showFog":true,"showSkybox":true,"showFlares":true,"showImageEffects":true,"showParticleSystems":true,"showVisualEffectGraphs":true,"m_FxEnabled":true},"in2DMode":false,"pivot":{"x":-0.8599050045013428,"y":4.162415027618408,"z":-22.78736114501953},"rotation":{"x":0.07972577214241028,"y":-0.0015007515903562308,"z":0.00012162963685113937,"w":0.9968239665031433},"size":15.715556144714356,"orthographic":false}