{"cameraMode":{"drawMode":0,"name":"Shaded","section":"Shading Mode"},"sceneLighting":false,"audioPlay":false,"sceneViewState":{"m_AlwaysRefresh":false,"showFog":true,"showSkybox":false,"showFlares":true,"showImageEffects":true,"showParticleSystems":true,"showVisualEffectGraphs":true,"m_FxEnabled":true},"in2DMode":false,"pivot":{"x":-0.5551600456237793,"y":-0.16101062297821046,"z":21.326147079467775},"rotation":{"x":-0.004138997755944729,"y":-0.9958397150039673,"z":0.06013225018978119,"w":-0.06853213161230087},"size":6.359326362609863,"orthographic":false}