{"cameraMode":{"drawMode":0,"name":"Shaded","section":"Shading Mode"},"sceneLighting":false,"audioPlay":false,"sceneViewState":{"m_AlwaysRefresh":false,"showFog":true,"showSkybox":false,"showFlares":true,"showImageEffects":true,"showParticleSystems":true,"showVisualEffectGraphs":true,"m_FxEnabled":true},"in2DMode":false,"pivot":{"x":-1.6084794998168946,"y":4.561022758483887,"z":4.900224685668945},"rotation":{"x":-0.0014658586587756873,"y":-0.9822306632995606,"z":0.00767153175547719,"w":-0.18758898973464967},"size":17.632112503051759,"orthographic":false}